name,gender,race/ethnicity,parental level of education,lunch,test preparation course,math score,reading score,writing score
Anderson Matthew,female,group B,bachelor's degree,standard,none,72,72,74
Anderson Carter,female,group C,some college,standard,completed,69,90,88
Gonzalez Avery,female,group B,master's degree,standard,none,90,95,93
Mitchell Charlotte,male,group A,associate's degree,free/reduced,none,47,57,44
Nguyen Avery,male,group C,some college,standard,none,76,78,75
Martinez Mason,female,group B,associate's degree,standard,none,71,83,78
Jones Jayden,female,group B,some college,standard,completed,88,95,92
Gomez Sophia,male,group B,some college,free/reduced,none,40,43,39
Wright Luke,male,group D,high school,free/reduced,completed,64,64,67
Turner Zoe,female,group B,high school,free/reduced,none,38,60,50
Scott Lillian,male,group C,associate's degree,standard,none,58,54,52
Gonzalez Gabriel,male,group D,associate's degree,standard,none,40,52,43
Davis Logan,female,group B,high school,standard,none,65,81,73
Jones David,male,group A,some college,standard,completed,78,72,70
Jones Benjamin,female,group A,master's degree,standard,none,50,53,58
Garcia Olivia,female,group C,some high school,standard,none,69,75,78
Thompson David,male,group C,high school,standard,none,88,89,86
Hill Victoria,female,group B,some high school,free/reduced,none,18,32,28
Rodriguez Layla,male,group C,master's degree,free/reduced,completed,46,42,46
White Scarlett,female,group C,associate's degree,free/reduced,none,54,58,61
Walker Aubrey,male,group D,high school,standard,none,66,69,63
Torres Charlotte,female,group B,some college,free/reduced,completed,65,75,70
Rodriguez David,male,group D,some college,standard,none,44,54,53
Davis Madison,female,group C,some high school,standard,none,69,73,73
Diaz Carter,male,group D,bachelor's degree,free/reduced,completed,74,71,80
Baker Emily,male,group A,master's degree,free/reduced,none,73,74,72
Clark Sebastian,male,group B,some college,standard,none,69,54,55
Sanchez Luke,female,group C,bachelor's degree,standard,none,67,69,75
Ramirez Sophia,male,group C,high school,standard,none,70,70,65
Brown Elizabeth,female,group D,master's degree,standard,none,62,70,75
Roberts Mia,female,group D,some college,standard,none,69,74,74
Lee Grayson,female,group B,some college,standard,none,63,65,61
Clark Isaac,female,group E,master's degree,free/reduced,none,56,72,65
Miller Samuel,male,group D,some college,standard,none,40,42,38
Edwards Charlotte,male,group E,some college,standard,none,97,87,82
Rodriguez Isabella,male,group E,associate's degree,standard,completed,81,81,79
Thompson Olivia,female,group D,associate's degree,standard,none,74,81,83
Green Luna,female,group D,some high school,free/reduced,none,50,64,59
Anderson Gabriel,female,group D,associate's degree,free/reduced,completed,75,90,88
Gomez Olivia,male,group B,associate's degree,free/reduced,none,57,56,57
Rivera Ethan,male,group C,associate's degree,free/reduced,none,55,61,54
Nelson Luke,female,group C,associate's degree,standard,none,58,73,68
Garcia Ava,female,group B,associate's degree,standard,none,53,58,65
Scott Alexander,male,group B,some college,free/reduced,completed,59,65,66
Diaz Luna,female,group E,associate's degree,free/reduced,none,50,56,54
Carter Riley,male,group B,associate's degree,standard,none,65,54,57
King Harper,female,group A,associate's degree,standard,completed,55,65,62
Hall Henry,female,group C,high school,standard,none,66,71,76
Thomas Michael,female,group D,associate's degree,free/reduced,completed,57,74,76
Taylor Levi,male,group C,high school,standard,completed,82,84,82
Adams Evelyn,male,group E,some college,standard,none,53,55,48
Lewis Samuel,male,group E,associate's degree,free/reduced,completed,77,69,68
Parker Sophia,male,group C,some college,standard,none,53,44,42
Rivera Luna,male,group D,high school,standard,none,88,78,75
Baker Liam,female,group C,some high school,free/reduced,completed,71,84,87
Edwards Levi,female,group C,high school,free/reduced,none,33,41,43
Evans Harper,female,group E,associate's degree,standard,completed,82,85,86
Gonzalez Grace,male,group D,associate's degree,standard,none,52,55,49
Rodriguez Riley,male,group D,some college,standard,completed,58,59,58
Campbell Sophia,female,group C,some high school,free/reduced,none,0,17,10
Davis Ethan,male,group E,bachelor's degree,free/reduced,completed,79,74,72
Rivera Isaac,male,group A,some high school,free/reduced,none,39,39,34
Lewis Lucas,male,group A,associate's degree,free/reduced,none,62,61,55
Gonzalez Evelyn,female,group C,associate's degree,standard,none,69,80,71
Lewis Matthew,female,group D,some high school,standard,none,59,58,59
Edwards Harper,male,group B,some high school,standard,none,67,64,61
Diaz Addison,male,group D,some high school,free/reduced,none,45,37,37
Turner Isabella,female,group C,some college,standard,none,60,72,74
Allen Nathan,male,group B,associate's degree,free/reduced,none,61,58,56
Nguyen Jack,female,group C,associate's degree,standard,none,39,64,57
Nguyen Lucas,female,group D,some college,free/reduced,completed,58,63,73
Martinez Sophia,male,group D,some college,standard,completed,63,55,63
Harris Isaac,female,group A,associate's degree,free/reduced,none,41,51,48
Jones Sofia,male,group C,some high school,free/reduced,none,61,57,56
Reyes Matthew,male,group C,some high school,standard,none,49,49,41
Lopez Mia,male,group B,associate's degree,free/reduced,none,44,41,38
Thomas Luke,male,group E,some high school,standard,none,30,26,22
Williams Henry,male,group A,bachelor's degree,standard,completed,80,78,81
Davis David,female,group D,some high school,standard,completed,61,74,72
Flores Michael,female,group E,master's degree,standard,none,62,68,68
Lewis Ethan,female,group B,associate's degree,standard,none,47,49,50
Campbell Abigail,male,group B,high school,free/reduced,none,49,45,45
Ramirez Grace,male,group A,some college,free/reduced,completed,50,47,54
Flores Addison,male,group E,associate's degree,standard,none,72,64,63
Adams Alexander,male,group D,high school,free/reduced,none,42,39,34
Martinez Zoe,female,group C,some college,standard,none,73,80,82
Mitchell Luke,female,group C,some college,free/reduced,none,76,83,88
Hall Sophia,female,group D,associate's degree,standard,none,71,71,74
Flores Avery,female,group A,some college,standard,none,58,70,67
Jones Mia,female,group D,some high school,standard,none,73,86,82
Wright Emily,female,group C,bachelor's degree,standard,none,65,72,74
Wright Levi,male,group C,high school,free/reduced,none,27,34,36
Perez Owen,male,group C,high school,standard,none,71,79,71
Baker Harper,male,group C,associate's degree,free/reduced,completed,43,45,50
Nelson Penelope,female,group B,some college,standard,none,79,86,92
Hernandez Dylan,male,group C,associate's degree,free/reduced,completed,78,81,82
Carter Henry,male,group B,some high school,standard,completed,65,66,62
Gonzalez Scarlett,female,group E,some college,standard,completed,63,72,70
Williams Penelope,female,group D,some college,free/reduced,none,58,67,62
Williams Wyatt,female,group D,bachelor's degree,standard,none,65,67,62
Nelson Isabella,male,group B,some college,standard,none,79,67,67
Thompson Addison,male,group D,bachelor's degree,standard,completed,68,74,74
Walker Zoe,female,group D,associate's degree,standard,none,85,91,89
Roberts Ava,male,group B,high school,standard,completed,60,44,47
Moore Layla,male,group C,some college,standard,completed,98,86,90
Thompson Ethan,female,group C,some college,standard,none,58,67,72
King Wyatt,female,group D,master's degree,standard,none,87,100,100
Evans Emma,male,group E,associate's degree,standard,completed,66,63,64
Wilson Sofia,female,group B,associate's degree,free/reduced,none,52,76,70
Edwards Aubrey,female,group B,some high school,standard,none,70,64,72
Hall Jack,female,group D,associate's degree,free/reduced,completed,77,89,98
Flores Jackson,male,group C,high school,standard,none,62,55,49
Garcia Carter,male,group A,associate's degree,standard,none,54,53,47
Adams Elizabeth,female,group D,some college,standard,none,51,58,54
Hernandez Layla,female,group E,bachelor's degree,standard,completed,99,100,100
Clark Layla,male,group C,high school,standard,none,84,77,74
Hill Logan,female,group B,bachelor's degree,free/reduced,none,75,85,82
Wright Penelope,female,group D,bachelor's degree,standard,none,78,82,79
Clark William,female,group D,some high school,standard,none,51,63,61
Rodriguez Gabriel,female,group C,some college,standard,none,55,69,65
Hill David,female,group C,bachelor's degree,standard,completed,79,92,89
Diaz Penelope,male,group B,associate's degree,standard,completed,91,89,92
Jones Penelope,female,group C,some college,standard,completed,88,93,93
Roberts Isabella,male,group D,high school,free/reduced,none,63,57,56
Young Sebastian,male,group E,some college,standard,none,83,80,73
Martin Emily,female,group B,high school,standard,none,87,95,86
Nguyen Mason,male,group B,some high school,standard,none,72,68,67
Diaz Dylan,male,group D,some college,standard,completed,65,77,74
Hall Michael,male,group D,master's degree,standard,none,82,82,74
Turner Logan,female,group A,bachelor's degree,standard,none,51,49,51
White Liam,male,group D,master's degree,standard,none,89,84,82
Torres Daniel,male,group C,some high school,free/reduced,completed,53,37,40
Martin Grayson,male,group E,some college,free/reduced,completed,87,74,70
Williams Sophia,female,group C,some college,standard,completed,75,81,84
Turner Michael,male,group D,bachelor's degree,free/reduced,completed,74,79,75
Gomez Harper,male,group C,bachelor's degree,standard,none,58,55,48
Torres Chloe,male,group B,some high school,standard,completed,51,54,41
Edwards Isabella,male,group E,high school,standard,none,70,55,56
Wright Sebastian,female,group C,associate's degree,standard,none,59,66,67
Collins Matthew,male,group D,some college,standard,completed,71,61,69
Martinez Gabriel,female,group D,some high school,standard,none,76,72,71
Hall Harper,female,group C,some college,free/reduced,none,59,62,64
Torres Lillian,female,group E,some college,free/reduced,completed,42,55,54
Davis Sebastian,male,group A,high school,standard,none,57,43,47
White Emma,male,group D,some college,standard,none,88,73,78
White Madison,female,group C,some college,free/reduced,none,22,39,33
Edwards Daniel,male,group B,some high school,standard,none,88,84,75
White Gabriel,male,group C,associate's degree,free/reduced,none,73,68,66
Green Emily,female,group D,bachelor's degree,standard,completed,68,75,81
Evans Luke,male,group E,associate's degree,free/reduced,completed,100,100,93
Moore Olivia,male,group A,some high school,standard,completed,62,67,69
Harris Layla,male,group A,bachelor's degree,standard,none,77,67,68
Garcia Avery,female,group B,associate's degree,standard,completed,59,70,66
Rivera Layla,male,group D,bachelor's degree,standard,none,54,49,47
Williams Elizabeth,male,group D,some high school,standard,none,62,67,61
Lopez Gabriel,female,group C,some college,standard,completed,70,89,88
Baker James,female,group E,high school,free/reduced,completed,66,74,78
Thompson Owen,male,group B,some college,free/reduced,none,60,60,60
Evans Lillian,female,group B,associate's degree,standard,completed,61,86,87
White Isaac,male,group D,associate's degree,free/reduced,none,66,62,64
King Sofia,male,group B,associate's degree,free/reduced,completed,82,78,74
Carter Mason,female,group E,some college,free/reduced,completed,75,88,85
Garcia Elizabeth,male,group B,master's degree,free/reduced,none,49,53,52
Lewis Isabella,male,group C,high school,standard,none,52,53,49
Reyes Noah,female,group E,master's degree,standard,none,81,92,91
Lopez Penelope,female,group C,bachelor's degree,standard,completed,96,100,100
Sanchez Grace,male,group C,high school,free/reduced,completed,53,51,51
Harris Emma,female,group B,master's degree,free/reduced,completed,58,76,78
Adams Ava,female,group B,high school,standard,completed,68,83,78
Baker Samuel,female,group C,some college,free/reduced,completed,67,75,70
Flores Samuel,male,group A,high school,standard,completed,72,73,74
Rodriguez Logan,male,group E,some high school,standard,none,94,88,78
Davis Jackson,female,group D,some college,standard,none,79,86,81
Smith Nathan,female,group C,associate's degree,standard,none,63,67,70
Campbell Isabella,female,group C,bachelor's degree,free/reduced,completed,43,51,54
Carter Olivia,female,group C,master's degree,standard,completed,81,91,87
Reyes Benjamin,female,group B,high school,free/reduced,completed,46,54,58
Smith Penelope,female,group C,associate's degree,standard,completed,71,77,77
Perez Logan,female,group B,master's degree,free/reduced,completed,52,70,62
Gomez Mia,female,group D,some high school,standard,completed,97,100,100
Gonzalez Aria,male,group C,master's degree,free/reduced,completed,62,68,75
Clark Daniel,female,group C,some college,free/reduced,none,46,64,66
Nguyen Chloe,female,group E,high school,standard,none,50,50,47
Rodriguez Dylan,female,group D,associate's degree,standard,none,65,69,70
Hernandez Alexander,male,group C,some high school,free/reduced,completed,45,52,49
Hill Ava,male,group C,associate's degree,free/reduced,completed,65,67,65
Martin Luna,male,group E,high school,standard,none,80,76,65
Rivera Lillian,male,group D,some high school,standard,completed,62,66,68
Gomez Ella,male,group B,some high school,free/reduced,none,48,52,45
Reyes Lillian,female,group C,bachelor's degree,standard,none,77,88,87
Miller Jack,female,group E,associate's degree,standard,none,66,65,69
Parker Amelia,male,group D,some college,standard,completed,76,83,79
Green Gabriel,female,group B,some high school,standard,none,62,64,66
Flores Penelope,male,group D,some college,standard,completed,77,62,62
Garcia Riley,female,group C,master's degree,standard,completed,69,84,85
White Benjamin,male,group D,associate's degree,standard,none,61,55,52
Diaz Zoe,male,group C,some high school,free/reduced,completed,59,69,65
Wilson Evelyn,male,group E,high school,free/reduced,none,55,56,51
Gonzalez Emma,female,group B,some college,free/reduced,none,45,53,55
Reyes Emily,female,group B,bachelor's degree,free/reduced,none,78,79,76
Miller Mia,female,group C,associate's degree,standard,completed,67,84,86
Anderson Sebastian,female,group D,some college,free/reduced,none,65,81,77
Lopez Logan,male,group C,associate's degree,standard,none,69,77,69
Nguyen Grace,female,group B,associate's degree,standard,none,57,69,68
Hernandez Grace,male,group C,some college,standard,none,59,41,42
Turner Aria,male,group D,some high school,standard,completed,74,71,78
Brown Aria,male,group E,bachelor's degree,standard,none,82,62,62
Davis Addison,male,group E,high school,standard,completed,81,80,76
Gonzalez Addison,female,group B,some college,free/reduced,none,74,81,76
Smith Emily,female,group B,some college,free/reduced,none,58,61,66
Robinson Sofia,male,group D,some high school,free/reduced,completed,80,79,79
King Layla,male,group C,some college,free/reduced,none,35,28,27
Torres Carter,female,group C,high school,free/reduced,none,42,62,60
Thompson Daniel,male,group C,associate's degree,free/reduced,completed,60,51,56
Mitchell Sophia,male,group E,high school,standard,completed,87,91,81
Lewis Scarlett,male,group B,some high school,standard,completed,84,83,75
Turner Sebastian,female,group E,associate's degree,free/reduced,completed,83,86,88
Martin Sofia,female,group C,high school,free/reduced,none,34,42,39
Martinez Lucas,male,group B,high school,free/reduced,none,66,77,70
King Isaac,male,group B,some high school,standard,completed,61,56,56
Taylor William,female,group D,high school,standard,completed,56,68,74
Scott Mia,male,group B,associate's degree,standard,none,87,85,73
Allen Luke,female,group C,some high school,free/reduced,none,55,65,62
Adams Ella,male,group D,some high school,standard,none,86,80,75
Ramirez Alexander,female,group B,associate's degree,standard,completed,52,66,73
Hernandez Ella,female,group E,master's degree,free/reduced,none,45,56,54
Young Liam,female,group C,some college,standard,none,72,72,71
King Liam,male,group D,high school,standard,none,57,50,54
Taylor Mason,male,group A,some high school,free/reduced,none,68,72,64
Baker Matthew,female,group C,some college,standard,completed,88,95,94
Moore Emma,male,group D,some college,standard,none,76,64,66
Smith Addison,male,group C,associate's degree,standard,none,46,43,42
Johnson Riley,female,group B,bachelor's degree,standard,none,67,86,83
Baker Ava,male,group E,some high school,standard,none,92,87,78
Anderson Jayden,male,group C,bachelor's degree,standard,completed,83,82,84
Torres Noah,male,group D,associate's degree,standard,none,80,75,77
Wilson Avery,male,group D,bachelor's degree,free/reduced,none,63,66,67
Collins Lucas,female,group D,some high school,standard,completed,64,60,74
Baker Gabriel,male,group B,some college,standard,none,54,52,51
Robinson Sebastian,male,group C,associate's degree,standard,none,84,80,80
White Levi,male,group D,high school,free/reduced,completed,73,68,66
Young Grace,female,group E,bachelor's degree,standard,none,80,83,83
Perez William,female,group D,high school,standard,none,56,52,55
Wilson Sebastian,male,group E,some college,standard,none,59,51,43
Nelson Elizabeth,male,group D,some high school,standard,none,75,74,69
Thomas Noah,male,group C,associate's degree,standard,none,85,76,71
Clark Mia,male,group E,associate's degree,standard,none,89,76,74
Young Michael,female,group B,high school,standard,completed,58,70,68
Flores Lucas,female,group B,high school,standard,none,65,64,62
Rodriguez Mia,male,group C,high school,standard,none,68,60,53
Gonzalez Olivia,male,group A,some high school,standard,completed,47,49,49
Miller Daniel,female,group D,some college,free/reduced,none,71,83,83
Taylor Ethan,female,group B,some high school,standard,completed,60,70,70
Taylor Chloe,male,group D,master's degree,standard,none,80,80,72
Garcia Isabella,male,group D,high school,standard,none,54,52,52
Jackson Isabella,female,group E,some college,standard,none,62,73,70
Martin David,female,group C,associate's degree,free/reduced,none,64,73,68
Campbell Jayden,male,group C,associate's degree,standard,completed,78,77,77
Green Grace,female,group B,some college,standard,none,70,75,78
Roberts Madison,female,group C,master's degree,free/reduced,completed,65,81,81
Allen James,female,group C,some high school,free/reduced,completed,64,79,77
White Grayson,male,group C,some college,standard,completed,79,79,78
Collins Benjamin,female,group C,some high school,free/reduced,none,44,50,51
Taylor Benjamin,female,group E,high school,standard,none,99,93,90
Campbell Elizabeth,male,group D,high school,standard,none,76,73,68
Hernandez Sofia,male,group D,some high school,free/reduced,none,59,42,41
Wright Victoria,female,group C,bachelor's degree,standard,none,63,75,81
Edwards Emma,female,group D,high school,standard,none,69,72,77
Turner Madison,female,group D,associate's degree,standard,completed,88,92,95
Hall Dylan,female,group E,some college,free/reduced,none,71,76,70
Parker Mia,male,group C,bachelor's degree,standard,none,69,63,61
Reyes Jack,male,group C,some college,standard,none,58,49,42
Collins Charlotte,female,group D,associate's degree,free/reduced,none,47,53,58
Gomez Jackson,female,group D,some college,standard,none,65,70,71
Nelson Aubrey,male,group B,some college,standard,completed,88,85,76
Turner Nathan,male,group C,bachelor's degree,standard,none,83,78,73
Collins Jackson,female,group C,some high school,standard,completed,85,92,93
Phillips Harper,female,group E,high school,standard,completed,59,63,75
Clark Grayson,female,group C,some high school,free/reduced,none,65,86,80
Garcia Layla,male,group B,bachelor's degree,free/reduced,none,73,56,57
Turner Liam,male,group D,high school,standard,none,53,52,42
Hernandez Jack,male,group D,high school,standard,none,45,48,46
Wright Amelia,female,group D,bachelor's degree,free/reduced,none,73,79,84
Gonzalez Jackson,female,group D,some college,free/reduced,completed,70,78,78
Brown Layla,female,group B,some high school,standard,none,37,46,46
Hall Grace,male,group B,associate's degree,standard,completed,81,82,82
Jones Emma,male,group E,associate's degree,standard,completed,97,82,88
Evans William,female,group B,some high school,standard,none,67,89,82
King Grayson,male,group B,bachelor's degree,free/reduced,none,88,75,76
Miller Madison,male,group E,some high school,standard,completed,77,76,77
Phillips Ella,male,group C,associate's degree,standard,none,76,70,68
Roberts Olivia,male,group D,some high school,standard,none,86,73,70
Reyes Scarlett,male,group C,some high school,standard,completed,63,60,57
Adams Matthew,female,group E,bachelor's degree,standard,none,65,73,75
Anderson Charlotte,male,group D,high school,free/reduced,completed,78,77,80
Harris Zoe,male,group B,associate's degree,free/reduced,none,67,62,60
Moore Harper,male,group A,some high school,standard,completed,46,41,43
Walker Madison,male,group E,associate's degree,standard,completed,71,74,68
Collins Grace,male,group C,high school,free/reduced,completed,40,46,50
Clark Victoria,male,group D,associate's degree,free/reduced,none,90,87,75
Mitchell Mia,male,group A,some college,free/reduced,completed,81,78,81
Campbell James,male,group D,some high school,free/reduced,none,56,54,52
Perez Noah,female,group C,associate's degree,standard,completed,67,84,81
Miller Emma,male,group B,associate's degree,standard,none,80,76,64
Carter Evelyn,female,group C,associate's degree,standard,completed,74,75,83
Robinson Matthew,male,group A,some college,standard,none,69,67,69
Garcia Lillian,male,group E,some college,standard,completed,99,87,81
Green Daniel,male,group C,some high school,standard,none,51,52,44
Davis Dylan,female,group B,associate's degree,free/reduced,none,53,71,67
White Emily,female,group D,high school,free/reduced,none,49,57,52
Roberts Lucas,female,group B,associate's degree,standard,none,73,76,80
Garcia Aubrey,male,group B,bachelor's degree,standard,none,66,60,57
Walker Logan,male,group D,bachelor's degree,standard,completed,67,61,68
Perez Scarlett,female,group C,associate's degree,free/reduced,completed,68,67,69
Gomez Dylan,female,group C,bachelor's degree,standard,completed,59,64,75
Thompson Nathan,male,group C,high school,standard,none,71,66,65
Diaz Noah,female,group D,master's degree,standard,completed,77,82,91
Brown Ethan,male,group C,associate's degree,standard,none,83,72,78
Scott Daniel,male,group B,bachelor's degree,standard,none,63,71,69
Reyes James,female,group D,associate's degree,free/reduced,none,56,65,63
Gonzalez Matthew,female,group C,high school,free/reduced,completed,67,79,84
Martin Ava,female,group E,high school,standard,none,75,86,79
Hernandez Henry,female,group C,some college,standard,none,71,81,80
White Addison,female,group C,some high school,free/reduced,none,43,53,53
Moore Benjamin,female,group C,high school,free/reduced,none,41,46,43
Flores Isabella,female,group C,some college,standard,none,82,90,94
Lee Grace,male,group C,some college,standard,none,61,61,62
Jackson David,male,group A,some college,free/reduced,none,28,23,19
Carter Addison,male,group C,associate's degree,standard,completed,82,75,77
Robinson Mason,female,group B,some high school,standard,none,41,55,51
Jones Harper,male,group C,high school,standard,none,71,60,61
Flores Sebastian,male,group C,associate's degree,standard,none,47,37,35
Collins James,male,group E,associate's degree,standard,completed,62,56,53
King Luke,male,group B,associate's degree,standard,none,90,78,81
Wilson Michael,female,group C,bachelor's degree,standard,none,83,93,95
White James,female,group B,some college,free/reduced,none,61,68,66
Clark Michael,male,group D,some high school,standard,completed,76,70,69
Nelson Wyatt,male,group C,associate's degree,standard,none,49,51,43
King Abigail,female,group B,some high school,free/reduced,none,24,38,27
Torres Layla,female,group D,some high school,free/reduced,completed,35,55,60
Perez Luna,male,group C,high school,free/reduced,none,58,61,52
Miller Emily,female,group C,high school,standard,none,61,73,63
King Henry,female,group B,high school,standard,completed,69,76,74
Hernandez Michael,male,group D,associate's degree,standard,completed,67,72,67
Diaz Isabella,male,group D,some college,standard,none,79,73,67
Taylor Aubrey,female,group C,high school,standard,none,72,80,75
Lewis James,male,group B,some college,standard,none,62,61,57
Lopez Liam,female,group C,bachelor's degree,standard,completed,77,94,95
Evans Samuel,male,group D,high school,free/reduced,none,75,74,66
Thomas Matthew,male,group E,associate's degree,standard,none,87,74,76
Harris Sofia,female,group B,bachelor's degree,standard,none,52,65,69
Green Evelyn,male,group E,some college,standard,none,66,57,52
Carter James,female,group C,some college,standard,completed,63,78,80
Reyes Dylan,female,group C,associate's degree,standard,none,46,58,57
Green Dylan,female,group C,some college,standard,none,59,71,70
Wilson Mason,female,group B,bachelor's degree,standard,none,61,72,70
Hernandez Penelope,male,group A,associate's degree,standard,none,63,61,61
Adams Wyatt,female,group C,some college,free/reduced,completed,42,66,69
Scott James,male,group D,some college,free/reduced,none,59,62,61
Flores Lillian,female,group D,some college,standard,none,80,90,89
White Matthew,female,group B,high school,standard,none,58,62,59
Collins Michael,male,group B,some high school,standard,completed,85,84,78
King Nathan,female,group C,some college,standard,none,52,58,58
Carter Grace,female,group D,some high school,free/reduced,none,27,34,32
Robinson Jayden,male,group C,some college,standard,none,59,60,58
Nguyen Abigail,male,group A,bachelor's degree,free/reduced,completed,49,58,60
Phillips Isaac,male,group C,high school,standard,completed,69,58,53
Carter Jayden,male,group C,bachelor's degree,free/reduced,none,61,66,61
Nelson Sophia,female,group A,some high school,free/reduced,none,44,64,58
Johnson Nathan,female,group D,some high school,standard,none,73,84,85
Rodriguez Luna,male,group E,some college,standard,none,84,77,71
Wright Jackson,female,group C,some college,free/reduced,completed,45,73,70
Lopez Aubrey,male,group D,some high school,standard,none,74,74,72
Moore Henry,female,group D,some college,standard,completed,82,97,96
Roberts Carter,female,group D,bachelor's degree,standard,none,59,70,73
Ramirez Michael,male,group E,associate's degree,free/reduced,none,46,43,41
King William,female,group D,some high school,standard,none,80,90,82
Miller William,female,group D,master's degree,free/reduced,completed,85,95,100
Robinson Amelia,female,group A,some high school,standard,none,71,83,77
Sanchez Lucas,male,group A,bachelor's degree,standard,none,66,64,62
Williams Charlotte,female,group B,associate's degree,standard,none,80,86,83
Young Sofia,male,group C,associate's degree,standard,completed,87,100,95
Allen Harper,male,group C,master's degree,free/reduced,none,79,81,71
Parker Michael,female,group E,some high school,free/reduced,none,38,49,45
Lewis Aubrey,female,group A,some high school,free/reduced,none,38,43,43
Phillips Luna,female,group E,some college,standard,none,67,76,75
Perez James,female,group E,bachelor's degree,standard,none,64,73,70
Robinson Sophia,female,group C,associate's degree,free/reduced,none,57,78,67
Williams Sofia,female,group D,high school,standard,none,62,64,64
White Ava,male,group D,master's degree,standard,none,73,70,75
Mitchell William,male,group E,some high school,free/reduced,completed,73,67,59
Green Jack,female,group D,some college,standard,none,77,68,77
Martin Lillian,male,group E,some college,standard,none,76,67,67
Scott Scarlett,male,group C,associate's degree,standard,completed,57,54,56
Ramirez Jayden,female,group C,some high school,standard,completed,65,74,77
Smith Owen,male,group A,high school,free/reduced,none,48,45,41
Wright Ella,female,group B,high school,free/reduced,none,50,67,63
Parker Zoe,female,group C,associate's degree,standard,none,85,89,95
Torres James,male,group B,some high school,standard,none,74,63,57
Martin Emma,male,group D,some high school,standard,none,60,59,54
Flores Ethan,female,group C,some high school,standard,completed,59,54,67
Nguyen Charlotte,male,group A,some college,standard,none,53,43,43
Robinson Evelyn,female,group A,some college,free/reduced,none,49,65,55
Williams Logan,female,group D,high school,standard,completed,88,99,100
Williams Grayson,female,group C,high school,standard,none,54,59,62
Diaz Emily,female,group C,some high school,standard,none,63,73,68
Lewis Jayden,male,group B,associate's degree,standard,completed,65,65,63
Edwards Lillian,female,group B,associate's degree,standard,none,82,80,77
Carter Madison,female,group D,high school,free/reduced,completed,52,57,56
Lewis Jackson,male,group D,associate's degree,standard,completed,87,84,85
Cruz Riley,female,group D,master's degree,standard,completed,70,71,74
Anderson Ava,male,group E,some college,standard,completed,84,83,78
Rivera Amelia,male,group D,associate's degree,standard,none,71,66,60
Jackson Sophia,male,group B,some high school,standard,completed,63,67,67
Reyes Madison,female,group C,bachelor's degree,free/reduced,completed,51,72,79
Jackson Ethan,male,group E,high school,standard,none,84,73,69
Hernandez Samuel,male,group C,bachelor's degree,standard,completed,71,74,68
White Jack,male,group C,associate's degree,standard,none,74,73,67
Clark Elizabeth,male,group D,some college,standard,none,68,59,62
Reyes Emma,male,group E,high school,free/reduced,completed,57,56,54
Flores Daniel,female,group C,associate's degree,free/reduced,completed,82,93,93
Gonzalez Penelope,female,group D,high school,standard,completed,57,58,64
Wilson Aubrey,female,group D,master's degree,free/reduced,completed,47,58,67
Rivera Samuel,female,group A,some high school,standard,completed,59,85,80
Nguyen Ethan,male,group B,some college,free/reduced,none,41,39,34
Perez Wyatt,female,group C,some college,free/reduced,none,62,67,62
Evans Abigail,male,group C,bachelor's degree,standard,none,86,83,86
Roberts Jackson,male,group C,some high school,free/reduced,none,69,71,65
Flores Mason,male,group A,some high school,free/reduced,none,65,59,53
Rodriguez Charlotte,male,group C,some high school,free/reduced,none,68,63,54
Johnson Logan,male,group C,associate's degree,free/reduced,none,64,66,59
Evans Charlotte,female,group C,high school,standard,none,61,72,70
Martin Ella,male,group C,high school,standard,none,61,56,55
Robinson Charlotte,female,group A,some high school,free/reduced,none,47,59,50
Miller Alexander,male,group C,some high school,standard,none,73,66,66
Gomez Isaac,male,group C,some college,free/reduced,completed,50,48,53
Allen Alexander,male,group D,associate's degree,standard,none,75,68,64
Ramirez Owen,male,group D,associate's degree,free/reduced,none,75,66,73
Garcia Jackson,male,group C,high school,standard,none,70,56,51
Hernandez Abigail,male,group D,some high school,standard,completed,89,88,82
Roberts Victoria,female,group C,some college,standard,completed,67,81,79
Jones Isaac,female,group D,high school,standard,none,78,81,80
Miller Layla,female,group A,some high school,free/reduced,none,59,73,69
Jackson Samuel,female,group B,associate's degree,standard,none,73,83,76
Garcia Charlotte,male,group A,some high school,free/reduced,none,79,82,73
Perez Amelia,female,group C,some high school,standard,completed,67,74,77
Scott Emily,male,group D,some college,free/reduced,none,69,66,60
Mitchell Addison,male,group C,high school,standard,completed,86,81,80
Lee Chloe,male,group B,high school,standard,none,47,46,42
Hill Luna,male,group B,associate's degree,standard,none,81,73,72
Rodriguez Harper,female,group C,some college,free/reduced,completed,64,85,85
Rivera Olivia,female,group E,some college,standard,none,100,92,97
Clark Matthew,female,group C,associate's degree,free/reduced,none,65,77,74
Carter Samuel,male,group C,some college,free/reduced,none,65,58,49
Green Grayson,female,group C,associate's degree,free/reduced,none,53,61,62
Torres Gabriel,male,group C,bachelor's degree,free/reduced,none,37,56,47
Adams Olivia,female,group D,bachelor's degree,standard,none,79,89,89
Jones Layla,male,group D,associate's degree,free/reduced,none,53,54,48
Flores Alexander,female,group E,bachelor's degree,standard,none,100,100,100
Lee Amelia,male,group B,high school,standard,completed,72,65,68
Allen Sofia,male,group C,bachelor's degree,free/reduced,none,53,58,55
Brown Michael,male,group B,some college,free/reduced,none,54,54,45
Reyes Avery,female,group E,some college,standard,none,71,70,76
Rodriguez Owen,female,group C,some college,free/reduced,none,77,90,91
Hernandez Mia,male,group A,bachelor's degree,standard,completed,75,58,62
Thompson Noah,female,group C,some college,standard,none,84,87,91
White Charlotte,female,group D,associate's degree,free/reduced,none,26,31,38
Thomas Levi,male,group A,high school,free/reduced,completed,72,67,65
Lee Luke,female,group A,high school,free/reduced,completed,77,88,85
Rodriguez Isaac,male,group C,some college,standard,none,91,74,76
Campbell Sebastian,female,group C,associate's degree,standard,completed,83,85,90
Rivera William,female,group C,high school,standard,none,63,69,74
Williams Samuel,female,group C,associate's degree,standard,completed,68,86,84
Jones Ethan,female,group D,some high school,standard,none,59,67,61
Hernandez Isabella,female,group B,associate's degree,standard,completed,90,90,91
Ramirez Amelia,female,group D,bachelor's degree,standard,completed,71,76,83
Campbell Victoria,male,group E,bachelor's degree,standard,completed,76,62,66
Rodriguez Grayson,male,group D,associate's degree,standard,none,80,68,72
Cruz Chloe,female,group D,master's degree,standard,none,55,64,70
Thomas Nathan,male,group E,associate's degree,standard,none,76,71,67
Gonzalez Ella,male,group B,high school,standard,completed,73,71,68
Baker Madison,female,group D,associate's degree,free/reduced,none,52,59,56
Scott Ethan,male,group C,some college,free/reduced,none,68,68,61
Sanchez Jack,male,group A,high school,standard,none,59,52,46
Wright Michael,female,group B,associate's degree,standard,none,49,52,54
Parker Addison,male,group C,high school,standard,none,70,74,71
Robinson Victoria,male,group D,some college,free/reduced,none,61,47,56
Rivera Aria,female,group C,associate's degree,free/reduced,none,60,75,74
Hernandez Aria,male,group B,some high school,standard,completed,64,53,57
Martinez Nathan,male,group A,associate's degree,free/reduced,completed,79,82,82
Green Matthew,female,group A,associate's degree,free/reduced,none,65,85,76
Thomas Liam,female,group C,associate's degree,standard,none,64,64,70
Cruz Luke,female,group C,some college,standard,none,83,83,90
Smith Ava,female,group C,bachelor's degree,standard,none,81,88,90
Torres Addison,female,group B,high school,standard,none,54,64,68
Turner Benjamin,male,group D,high school,standard,completed,68,64,66
Gonzalez Chloe,female,group C,some college,standard,none,54,48,52
Edwards Addison,female,group D,some college,free/reduced,completed,59,78,76
Campbell Dylan,female,group B,some high school,standard,none,66,69,68
King Zoe,male,group E,some college,standard,none,76,71,72
Adams Jackson,female,group D,master's degree,standard,none,74,79,82
Lopez Jack,female,group B,associate's degree,standard,completed,94,87,92
Taylor Addison,male,group C,some college,free/reduced,none,63,61,54
Hill Ethan,female,group E,associate's degree,standard,completed,95,89,92
Johnson Aria,female,group D,master's degree,free/reduced,none,40,59,54
Baker Emma,female,group B,some high school,standard,none,82,82,80
Davis Wyatt,male,group A,high school,standard,none,68,70,66
Garcia Luna,male,group B,bachelor's degree,free/reduced,none,55,59,54
Roberts James,male,group C,master's degree,standard,none,79,78,77
Reyes Jayden,female,group C,bachelor's degree,standard,none,86,92,87
Walker Mia,male,group D,some college,standard,none,76,71,73
Adams Isaac,male,group A,some high school,standard,none,64,50,43
Young Zoe,male,group D,some high school,free/reduced,none,62,49,52
Flores William,female,group B,some high school,standard,completed,54,61,62
Campbell Scarlett,female,group B,master's degree,free/reduced,completed,77,97,94
Cruz Sophia,female,group C,some high school,standard,completed,76,87,85
Collins Isabella,female,group D,some college,standard,none,74,89,84
Edwards Ethan,female,group E,some college,standard,completed,66,74,73
Turner Alexander,female,group D,some high school,standard,completed,66,78,78
White Sophia,female,group B,high school,free/reduced,completed,67,78,79
Phillips Lillian,male,group D,some college,standard,none,71,49,52
Reyes David,female,group C,associate's degree,standard,none,91,86,84
Wilson Victoria,male,group D,bachelor's degree,standard,none,69,58,57
Hill Michael,male,group C,master's degree,free/reduced,none,54,59,50
Robinson Carter,male,group C,high school,standard,completed,53,52,49
Sanchez Victoria,male,group E,some college,standard,none,68,60,59
Hernandez Noah,male,group C,some high school,free/reduced,completed,56,61,60
Phillips Michael,female,group C,high school,free/reduced,none,36,53,43
Lewis Elizabeth,female,group D,bachelor's degree,free/reduced,none,29,41,47
Lee David,female,group C,associate's degree,standard,none,62,74,70
Scott Lucas,female,group C,associate's degree,standard,completed,68,67,73
Wilson Alexander,female,group C,some high school,standard,none,47,54,53
Collins Mason,male,group E,associate's degree,standard,completed,62,61,58
Ramirez Harper,female,group E,associate's degree,standard,completed,79,88,94
Walker James,male,group B,high school,standard,completed,73,69,68
Robinson Grace,female,group C,bachelor's degree,free/reduced,completed,66,83,83
Diaz Layla,male,group C,associate's degree,standard,completed,51,60,58
Brown Grayson,female,group D,high school,standard,none,51,66,62
Hill Abigail,male,group E,bachelor's degree,standard,completed,85,66,71
Scott Harper,male,group A,associate's degree,standard,completed,97,92,86
Perez Carter,male,group C,high school,standard,completed,75,69,68
Rodriguez Aubrey,male,group D,associate's degree,free/reduced,completed,79,82,80
Thompson Amelia,female,group C,associate's degree,standard,none,81,77,79
Hill Liam,female,group D,associate's degree,standard,none,82,95,89
Jones Amelia,female,group D,master's degree,standard,none,64,63,66
Roberts Ella,male,group E,some high school,free/reduced,completed,78,83,80
Taylor Daniel,female,group A,some high school,standard,completed,92,100,97
Phillips Jackson,male,group C,high school,standard,completed,72,67,64
Mitchell Ava,female,group C,high school,free/reduced,none,62,67,64
Evans Avery,male,group C,master's degree,standard,none,79,72,69
Campbell Jackson,male,group C,some high school,free/reduced,none,79,76,65
Flores Elizabeth,male,group B,bachelor's degree,free/reduced,completed,87,90,88
Robinson Addison,female,group B,associate's degree,standard,none,40,48,50
Edwards Jackson,male,group D,some college,free/reduced,none,77,62,64
Flores Sofia,male,group E,associate's degree,standard,none,53,45,40
Rodriguez Henry,female,group C,some college,free/reduced,none,32,39,33
Hill Alexander,female,group C,associate's degree,standard,completed,55,72,79
Davis Luke,male,group C,master's degree,free/reduced,none,61,67,66
White Olivia,female,group B,associate's degree,free/reduced,none,53,70,70
Harris Ava,male,group D,some high school,standard,none,73,66,62
Campbell Addison,female,group D,some college,standard,completed,74,75,79
Garcia Wyatt,female,group C,some college,standard,none,63,74,74
Hill Carter,male,group C,bachelor's degree,standard,completed,96,90,92
Scott Olivia,female,group D,some college,free/reduced,completed,63,80,80
Parker Benjamin,male,group B,bachelor's degree,free/reduced,none,48,51,46
Robinson Dylan,male,group B,associate's degree,standard,none,48,43,45
Thomas Olivia,female,group E,bachelor's degree,free/reduced,completed,92,100,100
Green Sophia,female,group D,master's degree,free/reduced,completed,61,71,78
King Jayden,male,group B,high school,free/reduced,none,63,48,47
Wilson Samuel,male,group D,bachelor's degree,free/reduced,none,68,68,67
King Owen,male,group B,some college,standard,completed,71,75,70
Martinez Aria,male,group A,bachelor's degree,standard,none,91,96,92
Nelson Carter,female,group C,some college,standard,none,53,62,56
Thompson Liam,female,group C,high school,free/reduced,completed,50,66,64
Gonzalez Daniel,female,group E,high school,standard,none,74,81,71
Jones Jackson,male,group A,associate's degree,free/reduced,completed,40,55,53
Thompson Wyatt,male,group A,some college,standard,completed,61,51,52
Turner Isaac,female,group B,high school,standard,none,81,91,89
Thomas Jayden,female,group B,some college,free/reduced,completed,48,56,58
Scott Penelope,female,group D,master's degree,standard,none,53,61,68
Jones Matthew,female,group D,some high school,standard,none,81,97,96
Hill Mia,female,group E,some high school,standard,none,77,79,80
Allen Abigail,female,group D,bachelor's degree,free/reduced,none,63,73,78
Flores Olivia,female,group D,associate's degree,standard,completed,73,75,80
Jackson Avery,female,group D,some college,standard,none,69,77,77
Harris Benjamin,female,group C,associate's degree,standard,none,65,76,76
Wilson Isabella,female,group A,high school,standard,none,55,73,73
Lee Owen,female,group C,bachelor's degree,free/reduced,none,44,63,62
Clark Alexander,female,group C,some college,standard,none,54,64,65
Lee James,female,group A,some high school,standard,none,48,66,65
Turner Grace,male,group C,some college,free/reduced,none,58,57,54
Lopez Lillian,male,group A,some high school,standard,none,71,62,50
Adams Noah,male,group E,bachelor's degree,standard,none,68,68,64
Hill Grayson,female,group E,high school,standard,none,74,76,73
Nguyen Scarlett,female,group C,bachelor's degree,standard,completed,92,100,99
Flores Amelia,female,group C,bachelor's degree,standard,completed,56,79,72
Cruz Grayson,male,group B,high school,free/reduced,none,30,24,15
Hall Aubrey,male,group A,some high school,standard,none,53,54,48
King Charlotte,female,group D,high school,standard,none,69,77,73
Moore Alexander,female,group D,some high school,standard,none,65,82,81
Nelson Aria,female,group D,master's degree,standard,none,54,60,63
Mitchell Dylan,female,group C,high school,standard,none,29,29,30
Edwards Owen,female,group E,some college,standard,none,76,78,80
Cruz Mason,male,group D,high school,free/reduced,none,60,57,51
Mitchell Grace,male,group D,master's degree,free/reduced,completed,84,89,90
Gomez Nathan,male,group C,some high school,standard,none,75,72,62
Cruz Lucas,female,group C,associate's degree,standard,none,85,84,82
Scott Mason,female,group C,master's degree,free/reduced,none,40,58,54
Thomas Daniel,female,group E,some college,standard,none,61,64,62
Moore Sophia,female,group B,associate's degree,standard,none,58,63,65
Parker Mason,male,group D,some college,free/reduced,completed,69,60,63
Roberts Chloe,female,group C,some college,standard,none,58,59,66
Martin Nathan,male,group C,bachelor's degree,standard,completed,94,90,91
Adams Isabella,female,group C,associate's degree,standard,none,65,77,74
Martinez Amelia,female,group A,associate's degree,standard,none,82,93,93
Taylor Ava,female,group C,high school,standard,none,60,68,72
Sanchez Luna,female,group E,bachelor's degree,standard,none,37,45,38
Lee Penelope,male,group D,bachelor's degree,standard,none,88,78,83
Mitchell Emily,male,group D,master's degree,standard,none,95,81,84
Roberts Lillian,male,group C,associate's degree,free/reduced,completed,65,73,68
Hill Henry,female,group C,high school,free/reduced,none,35,61,54
Diaz Lillian,male,group B,bachelor's degree,free/reduced,none,62,63,56
Campbell Lillian,male,group C,high school,free/reduced,completed,58,51,52
Williams Jack,male,group A,some college,standard,completed,100,96,86
Adams Abigail,female,group E,bachelor's degree,free/reduced,none,61,58,62
Parker Emily,male,group D,some college,standard,completed,100,97,99
Williams Abigail,male,group B,associate's degree,free/reduced,completed,69,70,63
Jones Jack,male,group D,associate's degree,standard,none,61,48,46
Evans Matthew,male,group D,some college,free/reduced,none,49,57,46
Diaz Emma,female,group C,some high school,standard,completed,44,51,55
King Benjamin,male,group D,some college,standard,none,67,64,70
Williams Isabella,male,group B,high school,standard,none,79,60,65
Davis Isabella,female,group B,bachelor's degree,standard,completed,66,74,81
Young Wyatt,female,group C,high school,standard,none,75,88,85
Walker Michael,male,group D,some high school,standard,none,84,84,80
Perez Addison,male,group A,high school,standard,none,71,74,64
Scott Riley,female,group B,high school,free/reduced,completed,67,80,81
Adams Samuel,female,group D,some high school,standard,completed,80,92,88
Hill Amelia,male,group E,some college,standard,none,86,76,74
Williams Jayden,female,group D,associate's degree,standard,none,76,74,73
Collins William,male,group D,high school,standard,none,41,52,51
Turner Mia,female,group D,associate's degree,free/reduced,completed,74,88,90
Walker Elizabeth,female,group B,some high school,free/reduced,none,72,81,79
Jones Lillian,female,group E,high school,standard,completed,74,79,80
Wilson Addison,male,group B,high school,standard,none,70,65,60
Torres Evelyn,female,group B,bachelor's degree,standard,completed,65,81,81
Perez Zoe,female,group D,associate's degree,standard,none,59,70,65
Lopez Aria,female,group E,high school,free/reduced,none,64,62,68
Collins Luna,female,group B,high school,standard,none,50,53,55
King Lucas,female,group D,some college,standard,completed,69,79,81
Collins Samuel,male,group C,some high school,free/reduced,completed,51,56,53
Ramirez Isaac,female,group A,high school,standard,completed,68,80,76
Johnson Henry,female,group D,some college,standard,completed,85,86,98
Thomas Alexander,female,group A,associate's degree,standard,completed,65,70,74
Baker Amelia,female,group B,some high school,standard,none,73,79,79
Edwards Nathan,female,group B,some college,standard,none,62,67,67
Green Olivia,male,group C,associate's degree,free/reduced,none,77,67,64
Hernandez Liam,male,group D,some high school,standard,none,69,66,61
Jackson Mia,female,group D,associate's degree,free/reduced,none,43,60,58
Torres Dylan,male,group D,associate's degree,standard,none,90,87,85
Scott David,male,group C,some college,free/reduced,none,74,77,73
Martin Layla,male,group C,some high school,standard,none,73,66,63
Davis Nathan,female,group D,some college,free/reduced,none,55,71,69
Johnson Isaac,female,group C,high school,standard,none,65,69,67
Ramirez Aubrey,male,group D,associate's degree,standard,none,80,63,63
Thompson Aria,female,group C,some high school,free/reduced,completed,50,60,60
Williams Luke,female,group C,some college,free/reduced,completed,63,73,71
Johnson Sofia,female,group B,bachelor's degree,free/reduced,none,77,85,87
Cruz James,male,group C,some college,standard,none,73,74,61
Campbell Mia,male,group D,associate's degree,standard,completed,81,72,77
Parker Carter,female,group C,high school,free/reduced,none,66,76,68
Roberts Daniel,male,group D,associate's degree,free/reduced,none,52,57,50
Ramirez Zoe,female,group C,some college,standard,none,69,78,76
Young Matthew,female,group C,associate's degree,standard,completed,65,84,84
Wright Gabriel,female,group D,high school,standard,completed,69,77,78
Carter Abigail,female,group B,some college,standard,completed,50,64,66
Collins Gabriel,female,group E,some college,standard,completed,73,78,76
Clark Benjamin,female,group C,some high school,standard,completed,70,82,76
Gonzalez Dylan,male,group D,associate's degree,free/reduced,none,81,75,78
Roberts Layla,male,group D,some college,free/reduced,none,63,61,60
Evans Chloe,female,group D,high school,standard,none,67,72,74
Smith Sebastian,male,group B,high school,standard,none,60,68,60
Collins Nathan,male,group B,high school,standard,none,62,55,54
Torres Grayson,female,group C,some high school,free/reduced,completed,29,40,44
Carter Noah,male,group B,some college,standard,completed,62,66,68
Sanchez Sophia,female,group E,master's degree,standard,completed,94,99,100
Green Addison,male,group E,some college,standard,completed,85,75,68
Johnson Avery,male,group D,associate's degree,free/reduced,none,77,78,73
Jones Mason,male,group A,high school,free/reduced,none,53,58,44
Clark Aubrey,male,group E,some college,free/reduced,none,93,90,83
Thomas Luna,female,group C,associate's degree,standard,none,49,53,53
Allen Zoe,female,group E,associate's degree,free/reduced,none,73,76,78
Scott Nathan,female,group C,bachelor's degree,free/reduced,completed,66,74,81
Robinson Daniel,female,group D,associate's degree,standard,none,77,77,73
Moore Luna,female,group C,some high school,standard,none,49,63,56
Flores Grace,female,group D,some college,free/reduced,none,79,89,86
Gomez Lucas,female,group C,associate's degree,standard,completed,75,82,90
Flores Abigail,female,group A,bachelor's degree,standard,none,59,72,70
King Victoria,female,group D,associate's degree,standard,completed,57,78,79
Reyes Zoe,male,group C,high school,free/reduced,none,66,66,59
Sanchez Matthew,female,group E,bachelor's degree,standard,completed,79,81,82
Edwards William,female,group B,some high school,standard,none,57,67,72
Robinson Madison,male,group A,bachelor's degree,standard,completed,87,84,87
Taylor Aria,female,group D,some college,standard,none,63,64,67
Hill Daniel,female,group B,some high school,free/reduced,completed,59,63,64
Miller Lillian,male,group A,bachelor's degree,free/reduced,none,62,72,65
Young Addison,male,group D,high school,standard,none,46,34,36
Robinson Penelope,male,group C,some college,standard,none,66,59,52
King Riley,male,group D,high school,standard,none,89,87,79
King Sebastian,female,group D,associate's degree,free/reduced,completed,42,61,58
Taylor David,male,group C,some college,standard,completed,93,84,90
Baker Layla,female,group E,some high school,standard,completed,80,85,85
Davis Emily,female,group D,some college,standard,none,98,100,99
Robinson Emma,male,group D,master's degree,standard,none,81,81,84
Nguyen Dylan,female,group B,some high school,standard,completed,60,70,74
Lopez Grayson,female,group B,associate's degree,free/reduced,completed,76,94,87
Allen Benjamin,male,group C,associate's degree,standard,completed,73,78,72
Lopez Samuel,female,group C,associate's degree,standard,completed,96,96,99
Hall William,female,group C,high school,standard,none,76,76,74
Harris Sebastian,male,group E,associate's degree,free/reduced,completed,91,73,80
Parker Chloe,female,group C,some college,free/reduced,none,62,72,70
Harris Penelope,male,group D,some high school,free/reduced,completed,55,59,59
Sanchez Evelyn,female,group B,some high school,free/reduced,completed,74,90,88
Brown Alexander,male,group C,high school,standard,none,50,48,42
Rodriguez Liam,male,group B,some college,standard,none,47,43,41
Gomez Grace,male,group E,some college,standard,completed,81,74,71
Hall Emma,female,group E,associate's degree,standard,completed,65,75,77
Anderson Jack,male,group E,some high school,standard,completed,68,51,57
Smith Layla,female,group D,high school,free/reduced,none,73,92,84
Wright Sofia,male,group C,some college,standard,none,53,39,37
Anderson Avery,female,group B,associate's degree,free/reduced,completed,68,77,80
Rivera Sofia,male,group A,some high school,free/reduced,none,55,46,43
Martinez Samuel,female,group C,some college,standard,completed,87,89,94
Garcia Victoria,male,group D,some high school,standard,none,55,47,44
Cruz Ella,female,group E,some college,free/reduced,none,53,58,57
Lee Luna,male,group C,master's degree,standard,none,67,57,59
Carter Luke,male,group C,associate's degree,standard,none,92,79,84
Parker Luna,female,group B,some college,free/reduced,completed,53,66,73
Mitchell Isabella,male,group D,associate's degree,standard,none,81,71,73
Lee Olivia,male,group C,high school,free/reduced,none,61,60,55
Garcia Isaac,male,group D,bachelor's degree,standard,none,80,73,72
Wright Jayden,female,group A,associate's degree,free/reduced,none,37,57,56
Collins Daniel,female,group C,high school,standard,none,81,84,82
Miller David,female,group C,associate's degree,standard,completed,59,73,72
Phillips Jayden,male,group B,some college,free/reduced,none,55,55,47
Allen Aubrey,male,group D,associate's degree,standard,none,72,79,74
Rodriguez Wyatt,male,group D,high school,standard,none,69,75,71
Thompson William,male,group C,some college,standard,none,69,64,68
Adams James,female,group C,bachelor's degree,free/reduced,none,50,60,59
Parker Sofia,male,group B,some college,standard,completed,87,84,86
Cruz Owen,male,group D,some high school,standard,completed,71,69,68
Rodriguez Jayden,male,group E,some college,standard,none,68,72,65
Parker Charlotte,male,group C,master's degree,free/reduced,completed,79,77,75
Carter Dylan,female,group C,some high school,standard,completed,77,90,85
Rivera Noah,male,group C,associate's degree,free/reduced,none,58,55,53
Jones Elizabeth,female,group E,associate's degree,standard,none,84,95,92
Jackson Ava,male,group D,some college,standard,none,55,58,52
Rivera Emily,male,group E,bachelor's degree,free/reduced,completed,70,68,72
Thompson Chloe,female,group D,some college,free/reduced,completed,52,59,65
Rodriguez Abigail,male,group B,some college,standard,completed,69,77,77
Torres Luna,female,group C,high school,free/reduced,none,53,72,64
Allen Noah,female,group D,some high school,standard,none,48,58,54
Green Liam,male,group D,some high school,standard,completed,78,81,86
Hall Madison,female,group B,high school,standard,none,62,62,63
Martinez Addison,male,group D,some college,standard,none,60,63,59
Thompson Luke,female,group B,high school,standard,none,74,72,72
Thompson Penelope,female,group C,high school,standard,completed,58,75,77
Flores Zoe,male,group B,high school,standard,completed,76,62,60
Harris Scarlett,female,group D,some high school,standard,none,68,71,75
Williams Isaac,male,group A,some college,free/reduced,none,58,60,57
Rodriguez Michael,male,group B,high school,standard,none,52,48,49
Adams Nathan,male,group D,bachelor's degree,standard,none,75,73,74
Anderson Ethan,female,group B,some high school,free/reduced,completed,52,67,72
Jackson Luna,female,group C,bachelor's degree,free/reduced,none,62,78,79
Miller Logan,male,group B,some college,standard,none,66,65,60
Nelson Samuel,female,group B,some high school,free/reduced,none,49,58,55
Rodriguez Amelia,female,group B,high school,standard,none,66,72,70
Young Mason,female,group C,some college,free/reduced,none,35,44,43
Williams Emily,female,group A,some college,standard,completed,72,79,82
Ramirez Avery,male,group E,associate's degree,standard,completed,94,85,82
Miller Michael,female,group D,associate's degree,free/reduced,none,46,56,57
Roberts Sophia,female,group B,master's degree,standard,none,77,90,84
Brown James,female,group B,high school,free/reduced,completed,76,85,82
Rodriguez Emily,female,group C,associate's degree,standard,completed,52,59,62
Roberts Penelope,male,group C,bachelor's degree,standard,completed,91,81,79
Miller Dylan,female,group B,some high school,standard,completed,32,51,44
Jackson Layla,female,group E,some high school,free/reduced,none,72,79,77
Martinez Abigail,female,group B,some college,standard,none,19,38,32
Garcia Levi,male,group C,associate's degree,free/reduced,none,68,65,61
Collins Aria,female,group C,master's degree,free/reduced,none,52,65,61
Edwards James,female,group B,high school,standard,none,48,62,60
Mitchell Ella,female,group D,some college,free/reduced,none,60,66,70
Anderson Amelia,male,group D,high school,free/reduced,none,66,74,69
Miller Owen,male,group E,some high school,standard,completed,89,84,77
Turner Penelope,female,group B,high school,standard,none,42,52,51
Wilson Levi,female,group E,associate's degree,free/reduced,completed,57,68,73
Clark Ethan,male,group D,high school,standard,none,70,70,70
Rivera Jayden,female,group E,associate's degree,free/reduced,none,70,84,81
Adams David,male,group E,some college,standard,none,69,60,54
Martinez Luke,female,group C,associate's degree,standard,none,52,55,57
Brown Sofia,male,group C,some high school,standard,completed,67,73,68
Hall Sofia,male,group C,some high school,standard,completed,76,80,73
Parker Liam,female,group E,associate's degree,standard,none,87,94,95
Allen Lucas,female,group B,some college,standard,none,82,85,87
Reyes Gabriel,female,group C,some college,standard,none,73,76,78
Carter Michael,male,group A,some college,free/reduced,none,75,81,74
Robinson Samuel,female,group D,some college,free/reduced,none,64,74,75
Gomez Emily,female,group E,high school,free/reduced,none,41,45,40
Perez Elizabeth,male,group C,high school,standard,none,90,75,69
Edwards Benjamin,male,group B,bachelor's degree,standard,none,59,54,51
Williams Mia,male,group A,some high school,standard,none,51,31,36
Nelson Lucas,male,group A,high school,free/reduced,none,45,47,49
Jones Noah,female,group C,master's degree,standard,completed,54,64,67
Reyes Charlotte,male,group E,some high school,standard,completed,87,84,76
King Sophia,female,group C,high school,standard,none,72,80,83
Collins Aubrey,male,group B,some high school,standard,completed,94,86,87
Diaz Olivia,female,group A,bachelor's degree,standard,none,45,59,64
Brown Zoe,male,group D,bachelor's degree,free/reduced,completed,61,70,76
Hill Chloe,female,group B,high school,free/reduced,none,60,72,68
Wilson Grace,female,group C,some high school,standard,none,77,91,88
Jackson Matthew,female,group A,some high school,standard,completed,85,90,92
Johnson Gabriel,female,group D,bachelor's degree,free/reduced,none,78,90,93
Robinson Lillian,male,group E,some college,free/reduced,completed,49,52,51
Young Luke,female,group B,high school,free/reduced,none,71,87,82
Miller Elizabeth,female,group C,some high school,free/reduced,none,48,58,52
Evans Sofia,male,group C,high school,standard,none,62,67,58
Lee Layla,female,group C,associate's degree,free/reduced,completed,56,68,70
Miller Sophia,female,group C,some high school,standard,none,65,69,76
Wilson Ava,female,group D,some high school,free/reduced,completed,69,86,81
Nguyen Levi,male,group B,some high school,standard,none,68,54,53
Baker Daniel,female,group A,some college,free/reduced,none,61,60,57
Diaz Sophia,female,group C,bachelor's degree,free/reduced,completed,74,86,89
Roberts Jayden,male,group A,bachelor's degree,standard,none,64,60,58
Garcia Michael,female,group B,high school,standard,completed,77,82,89
Wilson Lillian,male,group B,some college,standard,none,58,50,45
Nelson Avery,female,group C,high school,standard,completed,60,64,74
Cruz Amelia,male,group E,high school,standard,none,73,64,57
Rodriguez Scarlett,female,group A,high school,standard,completed,75,82,79
Hall Owen,male,group B,associate's degree,free/reduced,completed,58,57,53
Allen Isabella,female,group C,associate's degree,standard,none,66,77,73
Adams Carter,female,group D,high school,free/reduced,none,39,52,46
Smith Ella,male,group C,some high school,standard,none,64,58,51
Gonzalez Isaac,female,group B,high school,free/reduced,completed,23,44,36
Martin Sebastian,male,group B,some college,free/reduced,completed,74,77,76
Sanchez Elizabeth,female,group D,some high school,free/reduced,completed,40,65,64
Sanchez Daniel,male,group E,master's degree,standard,none,90,85,84
Walker Alexander,male,group C,master's degree,standard,completed,91,85,85
Hernandez Lillian,male,group D,high school,standard,none,64,54,50
Martin Levi,female,group C,high school,standard,none,59,72,68
Mitchell Victoria,male,group D,associate's degree,standard,none,80,75,69
Lee Scarlett,male,group C,master's degree,standard,none,71,67,67
Perez Layla,female,group A,high school,standard,none,61,68,63
Parker Henry,female,group E,some college,standard,none,87,85,93
Adams Sebastian,male,group E,some high school,standard,none,82,67,61
Robinson Harper,male,group C,some high school,standard,none,62,64,55
Walker Avery,female,group B,bachelor's degree,standard,none,97,97,96
Allen Lillian,male,group B,some college,free/reduced,none,75,68,65
Diaz Chloe,female,group C,bachelor's degree,standard,none,65,79,81
Anderson Isaac,male,group B,high school,standard,completed,52,49,46
Sanchez Nathan,male,group C,associate's degree,free/reduced,none,87,73,72
Cruz Madison,female,group C,associate's degree,standard,none,53,62,53
Phillips Lucas,female,group E,master's degree,free/reduced,none,81,86,87
Collins Liam,male,group D,bachelor's degree,free/reduced,completed,39,42,38
Williams Mason,female,group C,some college,standard,completed,71,71,80
Ramirez Benjamin,male,group C,associate's degree,standard,none,97,93,91
Carter Gabriel,male,group D,some college,standard,completed,82,82,88
Smith Jackson,male,group C,high school,free/reduced,none,59,53,52
Sanchez Ethan,male,group B,associate's degree,standard,none,61,42,41
Johnson James,male,group E,associate's degree,free/reduced,completed,78,74,72
Martinez Emma,male,group C,associate's degree,free/reduced,none,49,51,51
Scott Grace,male,group B,high school,standard,none,59,58,47
Wright Aubrey,female,group C,some college,standard,completed,70,72,76
Evans Layla,male,group B,associate's degree,standard,completed,82,84,78
Rodriguez Evelyn,male,group E,associate's degree,free/reduced,none,90,90,82
Parker Olivia,female,group C,bachelor's degree,free/reduced,none,43,62,61
Diaz Daniel,male,group C,some college,free/reduced,none,80,64,66
King Avery,male,group D,some college,standard,none,81,82,84
Sanchez Owen,male,group C,some high school,standard,none,57,61,54
Parker William,female,group D,some high school,standard,none,59,72,80
Diaz Ella,female,group D,associate's degree,standard,none,64,76,74
Phillips Charlotte,male,group C,bachelor's degree,standard,completed,63,64,66
Flores David,female,group E,bachelor's degree,standard,completed,71,70,70
Thompson Ava,female,group B,high school,free/reduced,none,64,73,71
Martin William,male,group D,bachelor's degree,free/reduced,none,55,46,44
Thomas Gabriel,female,group E,associate's degree,standard,none,51,51,54
Martinez Liam,female,group C,associate's degree,standard,completed,62,76,80
Hernandez Madison,female,group E,associate's degree,standard,completed,93,100,95
Ramirez Carter,male,group C,high school,free/reduced,none,54,72,59
Diaz Henry,female,group D,some college,free/reduced,none,69,65,74
Adams Victoria,male,group D,high school,free/reduced,none,44,51,48
Hill Emily,female,group E,some college,standard,completed,86,85,91
Martin Dylan,female,group E,associate's degree,standard,none,85,92,85
Rodriguez Grace,female,group A,master's degree,free/reduced,none,50,67,73
Johnson Noah,male,group D,some high school,standard,completed,88,74,75
Nelson Logan,female,group E,associate's degree,standard,none,59,62,69
Anderson Alexander,female,group E,some high school,free/reduced,none,32,34,38
Nelson Michael,male,group B,high school,free/reduced,none,36,29,27
Rivera Isabella,female,group B,some high school,free/reduced,completed,63,78,79
Carter Aria,male,group D,associate's degree,standard,completed,67,54,63
Roberts Levi,female,group D,some high school,standard,completed,65,78,82
Adams Daniel,male,group D,master's degree,standard,none,85,84,89
Carter Liam,female,group C,master's degree,standard,none,73,78,74
Harris Wyatt,female,group A,high school,free/reduced,completed,34,48,41
Campbell Matthew,female,group D,bachelor's degree,free/reduced,completed,93,100,100
Anderson Lillian,female,group D,some high school,free/reduced,none,67,84,84
Garcia Lucas,male,group D,some college,standard,none,88,77,77
Campbell Lucas,male,group B,high school,standard,none,57,48,51
Brown Avery,female,group D,some college,standard,completed,79,84,91
Mitchell Carter,female,group C,bachelor's degree,free/reduced,none,67,75,72
Martinez Grayson,male,group E,bachelor's degree,standard,completed,70,64,70
Edwards Grace,male,group D,bachelor's degree,free/reduced,none,50,42,48
Edwards Matthew,female,group A,some college,standard,none,69,84,82
Williams Ava,female,group C,bachelor's degree,standard,completed,52,61,66
Hall Ethan,female,group C,bachelor's degree,free/reduced,completed,47,62,66
Baker Isaac,female,group B,associate's degree,free/reduced,none,46,61,55
Diaz Madison,female,group E,some college,standard,none,68,70,66
Allen Mia,male,group E,bachelor's degree,standard,completed,100,100,100
Lopez Amelia,female,group C,high school,standard,none,44,61,52
Jackson Lillian,female,group C,associate's degree,standard,completed,57,77,80
Jackson Emily,male,group B,some college,standard,completed,91,96,91
King Aubrey,male,group D,high school,free/reduced,none,69,70,67
Rodriguez Nathan,female,group C,high school,free/reduced,none,35,53,46
Hernandez Sebastian,male,group D,high school,standard,none,72,66,66
Davis Riley,female,group B,associate's degree,free/reduced,none,54,65,65
Baker Dylan,male,group D,high school,free/reduced,none,74,70,69
Rivera Alexander,male,group E,some high school,standard,completed,74,64,60
Martin Wyatt,male,group E,associate's degree,free/reduced,none,64,56,52
Wright Mason,female,group D,high school,free/reduced,completed,65,61,71
Jackson Luke,male,group E,associate's degree,free/reduced,completed,46,43,44
Roberts Luna,female,group C,some high school,free/reduced,none,48,56,51
Thompson Zoe,male,group C,some college,free/reduced,completed,67,74,70
Taylor Owen,male,group D,some college,free/reduced,none,62,57,62
Allen Owen,male,group D,associate's degree,free/reduced,completed,61,71,73
Green Jackson,male,group C,bachelor's degree,free/reduced,completed,70,75,74
Perez Dylan,male,group C,associate's degree,standard,completed,98,87,90
Nguyen Madison,male,group D,some college,free/reduced,none,70,63,58
Rivera Nathan,male,group A,associate's degree,standard,none,67,57,53
Wright Logan,female,group E,high school,free/reduced,none,57,58,57
Clark Isabella,male,group D,some college,standard,completed,85,81,85
Clark Logan,male,group D,some high school,standard,completed,77,68,69
Collins Dylan,male,group C,master's degree,free/reduced,completed,72,66,72
Lee Daniel,female,group D,master's degree,standard,none,78,91,96
Hill Ella,male,group C,high school,standard,none,81,66,64
Hernandez Isaac,male,group A,some high school,free/reduced,completed,61,62,61
Phillips Samuel,female,group B,high school,standard,none,58,68,61
Collins Lillian,female,group C,associate's degree,standard,none,54,61,58
Anderson Evelyn,male,group B,high school,standard,none,82,82,80
Davis Alexander,female,group D,some college,free/reduced,none,49,58,60
Torres Jackson,male,group B,some high school,free/reduced,completed,49,50,52
Roberts Zoe,female,group E,high school,free/reduced,completed,57,75,73
Jones James,male,group E,high school,standard,none,94,73,71
Harris Addison,female,group D,some college,standard,completed,75,77,83
King Chloe,female,group E,some high school,free/reduced,none,74,74,72
Baker Alexander,male,group C,high school,standard,completed,58,52,54
Anderson Scarlett,female,group C,some college,standard,none,62,69,69
Davis Avery,male,group E,associate's degree,standard,none,72,57,62
Jackson Owen,male,group C,some college,standard,none,84,87,81
Taylor Gabriel,female,group D,master's degree,standard,none,92,100,100
Harris Emily,female,group D,high school,standard,none,45,63,59
Lopez Madison,male,group C,high school,standard,none,75,81,71
Collins Chloe,female,group A,some college,standard,none,56,58,64
Thomas William,female,group D,some high school,free/reduced,none,48,54,53
Martin Logan,female,group E,associate's degree,standard,none,100,100,100
White Daniel,female,group C,some high school,free/reduced,completed,65,76,75
Ramirez Riley,male,group D,some college,standard,none,72,57,58
Turner Riley,female,group D,some college,standard,none,62,70,72
Green Ethan,male,group A,some high school,standard,completed,66,68,64
Robinson Liam,male,group C,some college,standard,none,63,63,60
Phillips Avery,female,group E,associate's degree,standard,none,68,76,67
Edwards Sebastian,female,group B,bachelor's degree,standard,none,75,84,80
Rivera Mason,female,group D,bachelor's degree,standard,none,89,100,100
Martinez Riley,male,group C,some high school,standard,completed,78,72,69
Sanchez Michael,female,group A,high school,free/reduced,completed,53,50,60
Walker Aria,female,group D,some college,free/reduced,none,49,65,61
Rodriguez Levi,female,group A,some college,standard,none,54,63,67
Lee Dylan,female,group C,some college,standard,completed,64,82,77
Young Abigail,male,group B,some college,free/reduced,completed,60,62,60
Torres Madison,male,group C,associate's degree,standard,none,62,65,58
King Lillian,male,group D,high school,standard,completed,55,41,48
Young Aubrey,female,group C,associate's degree,standard,none,91,95,94
Gomez Alexander,female,group B,high school,free/reduced,none,8,24,23
Harris Henry,male,group D,some high school,standard,none,81,78,78
Carter Isabella,male,group B,some high school,standard,completed,79,85,86
Harris Daniel,female,group A,some college,standard,completed,78,87,91
Wilson Ella,female,group C,some high school,standard,none,74,75,82
Nguyen Nathan,male,group A,high school,standard,none,57,51,54
Lee Michael,female,group C,associate's degree,standard,none,40,59,51
Edwards Michael,male,group E,some high school,standard,completed,81,75,76
Cruz Aria,female,group A,some high school,free/reduced,none,44,45,45
Hernandez James,female,group D,some college,free/reduced,completed,67,86,83
Reyes Victoria,male,group E,high school,free/reduced,completed,86,81,75
Lewis Harper,female,group B,some high school,standard,completed,65,82,78
Evans Liam,female,group D,associate's degree,free/reduced,none,55,76,76
Ramirez Ella,female,group D,bachelor's degree,free/reduced,none,62,72,74
Nguyen Harper,male,group A,high school,standard,none,63,63,62
Mitchell Liam,female,group E,master's degree,standard,completed,88,99,95
Hill Samuel,male,group C,high school,free/reduced,none,62,55,55
Wright Lillian,female,group C,high school,free/reduced,completed,59,71,65
Lewis Benjamin,female,group D,some college,standard,completed,68,78,77
Martin Isaac,female,group D,some college,free/reduced,none,77,86,86
